{
    "app.authn.aboutBlocto": "About Blocto",
    "app.authn.confirm": "確認",
    "app.authn.helpCenter": "Help Center",
    "app.authz.approve": "承認",
    "app.authz.dangerous": "悪意のある操作が検出されました！ <br \/>私たちはあなたのために拒否します。",
    "app.authz.decline": "拒否",
    "app.authz.estimatedWaitTime": "推定待ち時間",
    "app.authz.free": "無料（Blocto による補助）",
    "app.authz.pleaseSignFromBloctoApp": "Blocto アプリからトランザクションを承認します。",
    "app.authz.pleaseWaitUntilItsYourTurn": "トランザクションを送信する番になるまでお待ちください...",
    "app.authz.processing": "処理中",
    "app.authz.script": "スクリプト",
    "app.authz.signatureRequest": "署名リクエスト",
    "app.authz.tooMuchAcvivityOnFlow": "Flow のアクティビティが多すぎます。",
    "app.authz.transactionContainsScript": "このトランザクションはスクリプトを含んでいます。",
    "app.authz.transactionFee": "トランザクション手数料",
    "app.authz.waitTime": "{minute} 分 {second} 秒",
    "app.authz.youAreSigningFor": "あなたはこの内容に署名します。",
    "app.authz.yourQueueId": "キューID",
    "app.footer.copyright.message": "© Copyright {year} portto — All Rights Reserved.",
    "app.login.useAnotherAccount": "別のアカウントを使用する",
    "flow.alert.autoRestakeOff": "自動リステークはオフになりました。",
    "flow.alert.autoRestakeOn": "自動リステークはオンになりました。",
    "flow.alert.copied": "コピーしました",
    "flow.alert.flowUnlocked": "ロック解除済み FLOW",
    "flow.alert.nodeSelected": "Blocto ノードへのステークに成功しました。",
    "flow.alert.pendingRecovery": "あなたの Blocto アカウントは復元処理中です。あとでもう一度やり直してください。",
    "flow.alert.rewardClaimed": "要求済み報酬",
    "flow.alert.rewardRestaked": "リステークされた報酬",
    "flow.alert.sessionExpired": "セッションの有効期限が切れ。もう一度ログインしてください",
    "flow.alert.stakeAmountAdjusted": "ステーク金額が変更されました。",
    "flow.alert.unexpectedError": "予期しないエラー",
    "flow.alert.unstakedClaimed": "要求済みアンステーク金額",
    "flow.alert.unstakedRestaked": "リステーク済みの未ステーク金額",
    "flow.clickToCopy.copied": "コピーしました",
    "flow.clickToCopy.copyToClipboard": "クリップボードにコピー",
    "flow.common.autoRefresh": "自動更新",
    "flow.footer.flow.intro": "Blocto は Flow の公式ウォレットパートナーです。",
    "flow.footer.powered.by": "powered by",
    "flow.helmet.default.title": "Blocto | Flow ネットワークの探索",
    "flow.helmet.description": "Blocto は Flow の公式ウォレットパートナーです。",
    "flow.helmet.title.template": "%s - Blocto",
    "flow.label.testnet": "テストネット",
    "flow.login.address": "アドレス",
    "flow.login.authenticationCode": "2段階認証",
    "flow.login.byRegisteringYouAgree": "登録して、<a target=\"_blank\" href=\"https:\/\/blocto.portto.io\/zh\/terms\/\">利用規約<\/a>に同意します。",
    "flow.login.email": "メールアドレス",
    "flow.login.enterAuthenticationCode": "Google 認証システムによって生成された認証コードを入力してください",
    "flow.login.itTakesSomeTimeToProceed": "続行するには時間がかかります",
    "flow.login.nonCustodialNotSupported": "非カストディアカウントはウェブのログインに対応していません。<br \/>Blocto アプリでログインしてください。",
    "flow.login.passcode": "パスコード",
    "flow.login.pendingApproval": "承認待ち",
    "flow.login.pleaseApproveFromBloctoApp": "Blocto アプリからのログインを承認してください。",
    "flow.login.preparingAccount": "Flow アカウントの準備中",
    "flow.login.register": "登録",
    "flow.login.resend": "再送",
    "flow.login.signIn": "サインイン",
    "flow.login.signInOrRegister": "サインイン \/ 登録",
    "flow.login.signInWithBlocto": "Blocto でサインイン",
    "flow.login.toContinueTo": "{ホスト} で続ける",
    "flow.login.useThisAccountOn": "このサイトでアカウントを使用します。<br \/><h4>{host}<\/h4>",
    "flow.login.weHaveSent": "6桁のコードをメールに送信しました",
    "flow.notFound.header": "ページが見つかりません。",
    "flow.stake.adjust": "変更",
    "flow.stake.adjustAmount": "金額を変更",
    "flow.stake.areYouSureYouWantToUnstake": "次のエポックのステーク報酬は失くなります。よろしいですか？",
    "flow.stake.autoRestake": "報酬の自動リステーク",
    "flow.stake.bloctoConsensusNode": "Blocto コンセンサスノード",
    "flow.stake.bloctoNode": "Blocto ノード",
    "flow.stake.chooseNode": "ノードを選択",
    "flow.stake.claim": "要求",
    "flow.stake.committed": "コミット済み",
    "flow.stake.fetching": "アカウント情報をチェックしています。<br \/>お待ちください…",
    "flow.stake.flowStaking": "Flow ステーキング",
    "flow.stake.locked": "ロック中",
    "flow.stake.max": "最大",
    "flow.stake.nextEpochTime": "次のエポックの開始日時",
    "flow.stake.notBlocto": "<a href=\"https:\/\/blocto.app.link\/download\">最新バージョンの Blocto で<\/a><br \/>このページを開いてください",
    "flow.stake.pendingRecovery": "あなたのアカウントを復元しています。<br \/>お待ちください。",
    "flow.stake.preparing": "ステーキングのため Flow アカウントをアップグレードしています。<br \/>しばらくお待ちください。",
    "flow.stake.requestedToUnstake": "アンステーク要求済み",
    "flow.stake.restake": "リステーク",
    "flow.stake.reward": "確定済み報酬",
    "flow.stake.rewardForThisEpoch": "推定エポック報酬",
    "flow.stake.stake": "ステーク",
    "flow.stake.stakeAll": "すべてステーク",
    "flow.stake.stakeComingSoon": "ステーク (coming soon)",
    "flow.stake.staked": "現在のステーク額",
    "flow.stake.stakedForNextEpoch": "次のエポックのステーク",
    "flow.stake.staking": "Flow ステーキング",
    "flow.stake.stakingAccount": "ステーキングアカウント",
    "flow.stake.stakingOn": "ステーキング中",
    "flow.stake.unlock": "ロック解除",
    "flow.stake.unlockLimit": "ロック解除の上限",
    "flow.stake.unlockable": "ロック解除可能",
    "flow.stake.unstake": "アンステーク",
    "flow.stake.unstaked": "未ステーク",
    "flow.stake.unstaking": "アンステーキング",
    "flow.stake.upgraded": "あなたのアカウントはアップグレードされました。",
    "flow.stake.waitForAnnouncement": "Flow ステーキングはまもなく提供されます！<br \/>公式アナウンスをお待ちください。",
    "flow.system.newVersionAvailable": "新しいバージョンの Blocto が利用できます。<br \/><strong>クリックしてアップグレード<\/strong>",
    "flow.utils.checkCasing": "Blocto アカウントでは大文字と小文字が区別されます。正しいメールアドレスであることを確認してください。",
    "flow.utils.invalidEmail": "メールアドレスのフォーマットを確認してください",
    "welcome.post.create": "作成",
    "welcome.post.enterMessage": "メッセージを書く",
    "welcome.post.from": "送信元",
    "welcome.post.send": "送信",
    "welcome.post.tapBelow": "下をタップして、新しい投稿を作成します。"
}