{
    "app.authz.confirm": "확인하다",
    "app.authz.estimatedWaitTime": "예상 대기 시간",
    "app.authz.pleaseWaitUntilItsYourTurn": "거래를 보낼 차례가 될 때까지 기다리세요...",
    "app.authz.tooMuchAcvivityOnFlow": "Flow 에 너무 많은 활동이 있습니다.",
    "app.authz.waitTime": "{minute} 분 {second} 초",
    "app.authz.warning": "경고",
    "app.authz.yourQueueId": "대기열 ID",
    "feature.authn.confirm.title": "계정 요청",
    "feature.authn.confirm.useAnotherAccount": "다른 계정 사용",
    "feature.authn.enable.title": "{chain} 지갑 생성 중...",
    "feature.authn.insufficientEnable.title": "{chain} 지갑 생성을 위한 Blocto 포인트 부족",
    "feature.authz.nonCustodial.description": "Blocto 앱에서 거래 승인...",
    "feature.authz.nonCustodial.title": "블록토 앱에서 인증해주세요",
    "feature.sign.nonCustodial.title": "블록토 앱에서 인증해주세요"
}