{
    "app.authz.confirm": "Подтверждать",
    "app.authz.estimatedWaitTime": "Расчетное время ожидания",
    "app.authz.pleaseWaitUntilItsYourTurn": "Подождите, пока настанет ваша очередь отправлять транзакцию ...",
    "app.authz.tooMuchAcvivityOnFlow": "В Flow слишком много активности",
    "app.authz.waitTime": "{minute} мин {second} сек",
    "app.authz.warning": "ПРЕДУПРЕЖДЕНИЕ",
    "app.authz.yourQueueId": "Ваш идентификатор очереди",
    "feature.authn.confirm.title": "Запросить учетную запись с",
    "feature.authn.confirm.useAnotherAccount": "Использовать другую учетную запись",
    "feature.authn.enable.title": "Создание кошелька {chain} ...",
    "feature.authn.insufficientEnable.title": "Недостаточно баллов Blocto для создания кошелька {chain}",
    "feature.authz.nonCustodial.description": "Подтвердите транзакцию из приложения Blocto...",
    "feature.authz.nonCustodial.title": "Пожалуйста, подтвердите в приложении Blocto",
    "feature.sign.nonCustodial.title": "Пожалуйста, подтвердите в приложении Blocto"
}