{
    "app.authn.aboutBlocto": "关于 Blocto",
    "app.authn.confirm": "确认",
    "app.authn.helpCenter": "帮助中心",
    "app.authn.iframeWarning": "为维护帐户安全性，自 2022\/9\/7 之后 Blocto 不支援使用 iframe 语法登入。请联繫 dApp 项目方进行修正。",
    "app.authn.iframeWarningTitle": "不支援使用 iframe 登入",
    "app.authn.useAccountOn": "使用Blocto帐户与此应用互动",
    "app.authz.approve": "批准",
    "app.authz.balance": "余额",
    "app.authz.buyCrypto": "获取 {currency}",
    "app.authz.confirm": "确认",
    "app.authz.confirmTransaction": "确认交易",
    "app.authz.confirmTransactionFrom": "确认来自以下应用程序的交易",
    "app.authz.data": "Data",
    "app.authz.decline": "拒绝",
    "app.authz.estimatedWaitTime": "预计等待时间",
    "app.authz.estimatingPoint": "点数估算中...",
    "app.authz.free": "免费（由 Blocto 补贴）",
    "app.authz.insufficientBalance": "余额不足",
    "app.authz.interactWith": "你正在和此应用程式互动",
    "app.authz.maliciousHint": "我们检测到本次交易可能存在恶意操作，建议终止本次交易。",
    "app.authz.message": "信息",
    "app.authz.openBloctoApp": "打开 Blocto App",
    "app.authz.operation": "操作",
    "app.authz.operationNotVerified": "此交易未经验证。",
    "app.authz.operationVerified": "此交易已验证。",
    "app.authz.pleaseSignFromBloctoApp": "请从 Blocto 手机 App 批准交易...",
    "app.authz.pleaseWaitUntilItsYourTurn": "请等待，直到轮到您发送您的交易...",
    "app.authz.pointNotEnoughForTx": "Blocto 点数不够，请到 APP 购买。",
    "app.authz.pointNotEnoughHint": "请前往 Blocto App 购买点数并创建钱包",
    "app.authz.pointNotEnoughToCreate": "Blocto 点数不足无法创建 {chain} 钱包",
    "app.authz.positionInQueue": "队列中的位置",
    "app.authz.processing": "处理中",
    "app.authz.processingYourTransaction": "正在处理您的交易...",
    "app.authz.purchaseInExchange": "您也可以至交易所购买 {currency} 并发送到您的钱包地址。",
    "app.authz.purchaseOnMoonpay": "到 Moonpay 购买",
    "app.authz.script": "脚本",
    "app.authz.signatureRequest": "签名请求",
    "app.authz.theNetworkIsBusy": "Flow 网络繁忙",
    "app.authz.tooMuchAcvivityOnFlow": "Flow 网络上的活动过多",
    "app.authz.transactionContainsData": "此交易包含数据",
    "app.authz.transactionContainsScript": "此交易包含脚本",
    "app.authz.transactionFee": "交易费用",
    "app.authz.transactionFeePoints": "{points} 点",
    "app.authz.transactionMayFail": "交易可能会失败",
    "app.authz.transferAmount": "转帐金额",
    "app.authz.waitTime": "{minute} 分 {second} 秒",
    "app.authz.warning": "警告",
    "app.authz.youAreSigningFor": "你正在签名",
    "app.authz.yourQueueId": "您的队列 ID",
    "app.blt.bltEnabled": "Blocto Token 帐户已启用。",
    "app.blt.bltStakingEnabled": "BLT 质押已启用。",
    "app.blt.bltUnlocked": "BLT 已解锁",
    "app.blt.distribution": "BLT 私募销售发放",
    "app.blt.lockedAccount": "锁定帐户",
    "app.blt.preparing": "正在创建你的 Blocto Token 钱包， <br \/>请稍等。",
    "app.blt.staking": "BLT 质押",
    "app.blt.unlock": "BLT 解锁",
    "app.blt.vaultSetup": "您的 Blocto Token 钱包已启用。",
    "app.footer.copyright.message": "© Copyright {year} portto — All Rights Reserved.",
    "app.general.downloadBloctoApp": "下载 Blocto App",
    "app.login.assetNotEnabled": "<b> {asset} <\/b>尚未启用， <br\/>请在 Blocto 应用中启用。",
    "app.login.createAccount": "创建 {chain} 钱包",
    "app.login.createAccountConfirm": "创建钱包",
    "app.login.createAccountHint": "本頁面部分功能利用了 {chain} 網路，創建 {chain} 錢包以獲得更好的體驗。",
    "app.login.preparingAccount": "正在准备您的 {asset} 帐户",
    "app.login.useAnotherAccount": "使用其他帐户",
    "feature.authn.confirm.title": "请求帐户",
    "feature.authn.confirm.useAnotherAccount": "使用另一个帐户",
    "feature.authn.enable.title": "正在创建{chain}钱包...",
    "feature.authn.insufficientEnable.title": "用于创建{chain}钱包的 Blocto 积分不足",
    "feature.authz.nonCustodial.description": "从 Blocto 应用程序批准交易...",
    "feature.authz.nonCustodial.title": "请在 Blocto 应用程序中验证",
    "feature.preAuthz.queue.description": "请等到轮到您发送交易。在您之前还有其他 {count} 个请求。",
    "feature.preAuthz.queue.title": "Blocto 上的活动过多",
    "feature.sign.nonCustodial.title": "请在 Blocto 应用程序中验证",
    "flow.alert.autoRestakeOff": "已关闭自动重新质押",
    "flow.alert.autoRestakeOn": "已启用自动重新质押",
    "flow.alert.copied": "已复制",
    "flow.alert.emailError": "电子邮件格式不正确。请再试一次。",
    "flow.alert.flowUnlocked": "已解锁 FLOW 代币",
    "flow.alert.nodeSelected": "您已成功质押在 Blocto 节点。",
    "flow.alert.pendingRecovery": "你的 Blocto 帐户正在恢复中。请稍后再试。",
    "flow.alert.rewardClaimed": "奖励已领取",
    "flow.alert.rewardRestaked": "已质押奖励",
    "flow.alert.sessionExpired": "授权已失效，请重新登入",
    "flow.alert.stakeAmountAdjusted": "质押量已调整",
    "flow.alert.stakingDisabled": "目前暂停接受质押，请稍待几个小时之后再试一次。",
    "flow.alert.underMaintenance": "服务正在维护中。请稍后再试。",
    "flow.alert.unexpectedError": "非预期的错误",
    "flow.alert.unstakedClaimed": "已领出质押",
    "flow.alert.unstakedRestaked": "已重新质押",
    "flow.clickToCopy.copied": "已复制",
    "flow.clickToCopy.copyToClipboard": "复制到剪贴板",
    "flow.common.autoRefresh": "自动刷新",
    "flow.footer.flow.intro": "Blocto 是 Flow 的官方钱包合作伙伴。",
    "flow.footer.powered.by": "powered by",
    "flow.helmet.default.title": "Blocto | 探索 Flow 网络",
    "flow.helmet.description": "Blocto 是 Flow 的官方钱包合作伙伴。",
    "flow.helmet.title.template": "%s - Blocto",
    "flow.label.testnet": "测试网",
    "flow.login.address": "{chain} 地址",
    "flow.login.authenticationCode": "二阶段验证码",
    "flow.login.byRegisteringYouAgree": "注册即表示您同意我们的<a target=\"_blank\" href=\"https:\/\/blocto.portto.io\/zh\/terms\/\">使用条款<\/a>",
    "flow.login.email": "电子邮件",
    "flow.login.enterAuthenticationCode": "输入由「Google 验证器」生成的验证代码",
    "flow.login.itTakesSomeTimeToProceed": "需要一些时间才能继续",
    "flow.login.nonCustodialNotSupported": "非托管帐户无法透过网页登入. <br \/ >请使用 Blocto app",
    "flow.login.passcode": "密码",
    "flow.login.pendingApproval": "等待装置授权",
    "flow.login.pleaseApproveFromBloctoApp": "请从 Blocto 手机 App 授权登入",
    "flow.login.pleaseWaitUntilItsYourTurn": "请等待，很快轮到您进行身份验证...",
    "flow.login.preparingAccount": "正在准备您的 Flow 帐户",
    "flow.login.register": "注册",
    "flow.login.resend": "重新发送",
    "flow.login.signIn": "登录",
    "flow.login.signInOrRegister": "登录 \/ 注册",
    "flow.login.signInWithBlocto": "使用 Blocto 登录",
    "flow.login.toContinueTo": "以继续使用 {host}",
    "flow.login.tooMuchAcvivityOnBlocto": "Blocto 上的身份验证请求过多",
    "flow.login.underMaintenance": "服务正在维护中。<br \/>请稍后再试。",
    "flow.login.useThisAccountOn": "在 <h4>{host}<\/h4> 使用此帐户",
    "flow.login.weHaveSent": "我们已经向您的电子邮件发送了 6 位代码",
    "flow.notFound.header": "找不到网页。",
    "flow.stake.accountType": "帐户类型",
    "flow.stake.adjust": "调整",
    "flow.stake.adjustAmount": "调整金额",
    "flow.stake.areYouSureYouWantToUnstake": "你确定吗？你会失去下一轮的质押奖励。",
    "flow.stake.autoRestake": "自动将奖励重新质押",
    "flow.stake.bloctoConsensusNode": "Blocto 共识节点",
    "flow.stake.bloctoNode": "Blocto 节点",
    "flow.stake.chooseNode": "选择一个节点",
    "flow.stake.claim": "领取",
    "flow.stake.committed": "新增质押金额",
    "flow.stake.estimatedAPY": "预计年利率",
    "flow.stake.fetching": "正在检查您的帐户信息， <br \/>请稍候...",
    "flow.stake.flowStaking": "Flow 质押",
    "flow.stake.locked": "已锁定",
    "flow.stake.lockedAccount": "锁定帐户",
    "flow.stake.max": "最大值",
    "flow.stake.nextEpochTime": "次轮开始时间",
    "flow.stake.normalAccount": "普通账户",
    "flow.stake.notBlocto": "请使用 <a href=\"https:\/\/blocto.app.link\/download\">最新版本的Blocto <\/a><br \/>打开此页面。",
    "flow.stake.pendingRecovery": "正在恢复你的帐户， <br \/>请稍候...",
    "flow.stake.preparing": "正在升级你的 Flow 帐户以支援质押， <br \/>请稍等。",
    "flow.stake.requestedToUnstake": "请求解除质押金额",
    "flow.stake.restake": "重新质押",
    "flow.stake.reward": "已發放的奖励",
    "flow.stake.rewardForThisEpoch": "本轮预估奖励",
    "flow.stake.setupLock": "设置锁定帐户",
    "flow.stake.stake": "质押",
    "flow.stake.stakeAll": "质押全部",
    "flow.stake.stakeComingSoon": "质押（即将开放）",
    "flow.stake.staked": "目前质押金额",
    "flow.stake.stakedForNextEpoch": "次轮质押金额",
    "flow.stake.staking": "Flow 质押",
    "flow.stake.stakingAccount": "质押账户",
    "flow.stake.stakingOn": "质押在",
    "flow.stake.unlock": "解锁",
    "flow.stake.unlockLimit": "解锁上限",
    "flow.stake.unlockable": "可解锁",
    "flow.stake.unstake": "解除质押",
    "flow.stake.unstaked": "已解除质押",
    "flow.stake.unstaking": "正在解除质押",
    "flow.stake.upgraded": "您的帐户已升级。",
    "flow.stake.waitForAnnouncement": "即将开放 FLOW 质押！ <br \/>请等待官方公告",
    "flow.system.newVersionAvailable": "有新版本的 Blocto。 <br \/> <strong>单击升级<\/strong>",
    "flow.utils.checkCasing": "Blocto 帐户将大小写英文视为不同的帐户。请确定你输入的是正确的 Blocto 帐户邮箱。",
    "flow.utils.invalidEmail": "请确认您的电子邮件格式",
    "wallet.login.solana.preparingAccount": "正在准备您的 Solana 帐户",
    "welcome.post.create": "留言",
    "welcome.post.enterMessage": "写点信息",
    "welcome.post.from": "來自",
    "welcome.post.send": "送出",
    "welcome.post.tapBelow": "点击下方创建新帖子。"
}