{
    "app.authn.aboutBlocto": "關於 Blocto",
    "app.authn.confirm": "確認",
    "app.authn.helpCenter": "幫助中心",
    "app.authn.iframeWarning": "為維護帳戶安全性，自 2022\/9\/7 之後 Blocto 不支援使用 iframe 語法登入。請聯繫 dApp 項目方進行修正。",
    "app.authn.iframeWarningTitle": "不支援使用 iframe 登入",
    "app.authn.useAccountOn": "使用Blocto帳戶與此應用程式互動",
    "app.authz.approve": "同意",
    "app.authz.balance": "餘額",
    "app.authz.buyCrypto": "獲取 {currency}",
    "app.authz.confirm": "確認",
    "app.authz.confirmTransaction": "確認交易",
    "app.authz.confirmTransactionFrom": "確認來自以下應用程式的交易",
    "app.authz.data": "Data",
    "app.authz.decline": "拒絕",
    "app.authz.estimatedWaitTime": "預計等待時間",
    "app.authz.estimatingPoint": "點數估算中...",
    "app.authz.free": "免費（由 Blocto 補貼）",
    "app.authz.insufficientBalance": "餘額不足",
    "app.authz.interactWith": "你正在和此應用程式互動",
    "app.authz.maliciousHint": "我們檢測到本次交易可能存在惡意操作，建議終止本次交易。",
    "app.authz.message": "訊息",
    "app.authz.openBloctoApp": "打開 Blocto App",
    "app.authz.operation": "操作",
    "app.authz.operationNotVerified": "此交易未經驗證。",
    "app.authz.operationVerified": "此交易已驗證。",
    "app.authz.pleaseSignFromBloctoApp": "請從 Blocto 手機 App 授權交易...",
    "app.authz.pleaseWaitUntilItsYourTurn": "請稍等，很快就會輪到您發送您的交易...",
    "app.authz.pointNotEnoughForTx": " Blocto 點數不夠，請到 APP 購買。",
    "app.authz.pointNotEnoughHint": "請前往 Blocto App 購買點數並創建錢包",
    "app.authz.pointNotEnoughToCreate": "Blocto 點數不足無法創建 {chain} 錢包",
    "app.authz.positionInQueue": "隊列中的位置",
    "app.authz.processing": "處理中",
    "app.authz.processingYourTransaction": "正在處理您的交易...",
    "app.authz.purchaseInExchange": "您也可以至交易所購買 {currency} 並發送到您的錢包地址。",
    "app.authz.purchaseOnMoonpay": "到 Moonpay 購買",
    "app.authz.script": "程式碼",
    "app.authz.signatureRequest": "簽名請求",
    "app.authz.theNetworkIsBusy": "Flow 網路繁忙",
    "app.authz.tooMuchAcvivityOnFlow": "Flow 網路上的交易過多",
    "app.authz.transactionContainsData": "此交易包含資料",
    "app.authz.transactionContainsScript": "此交易包含程式碼",
    "app.authz.transactionFee": "交易手續費",
    "app.authz.transactionFeePoints": "{points} 點",
    "app.authz.transactionMayFail": "交易可能會失敗",
    "app.authz.transferAmount": "轉帳金額",
    "app.authz.waitTime": "{minute} 分 {second} 秒",
    "app.authz.warning": "警告",
    "app.authz.youAreSigningFor": "你正在簽署",
    "app.authz.yourQueueId": "您的隊列 ID",
    "app.blt.bltEnabled": "Blocto Token 帳戶已啟用。",
    "app.blt.bltStakingEnabled": "BLT 質押已啟用。",
    "app.blt.bltUnlocked": "BLT 已解鎖",
    "app.blt.distribution": "BLT 私募銷售發放",
    "app.blt.lockedAccount": "鎖定帳戶",
    "app.blt.preparing": "正在創建你的 Blocto Token 錢包， <br \/>請稍等。",
    "app.blt.staking": "BLT 質押",
    "app.blt.unlock": "BLT 解鎖",
    "app.blt.vaultSetup": "您的 Blocto Token 錢包已啟用。",
    "app.footer.copyright.message": "© Copyright {year} portto — All Rights Reserved.",
    "app.general.address": "{chain} 地址",
    "app.general.approve": "同意核准",
    "app.general.downloadBloctoApp": "下載 Blocto App",
    "app.general.email": "電子信箱",
    "app.general.itTakesSomeTimeToProceed": "建立可能需要花費一些時間。",
    "app.general.loading": "連結中",
    "app.general.loading.description": "建立可能需要花費一些時間。",
    "app.login.assetNotEnabled": "<b> {asset} <\/b>尚未啟用， <br\/>請在 Blocto 應用中啟用。",
    "app.login.createAccount": "創建 {chain} 錢包",
    "app.login.createAccountConfirm": "創建錢包",
    "app.login.createAccountHint": "本页面部分功能利用了 {chain} 网络，创建 {chain} 钱包以获得更好的体验。",
    "app.login.preparingAccount": "正在準備您的 {asset} 帳戶",
    "app.login.useAnotherAccount": "使用另一個帳戶",
    "feature.authn.2fa.description": "輸入由「Google 驗證器」生成的驗證代碼",
    "feature.authn.2fa.title": "二階段驗證碼",
    "feature.authn.confirm.title": "請求帳戶",
    "feature.authn.confirm.useAnotherAccount": "使用另一個帳戶",
    "feature.authn.enable.title": "正在創建{chain}錢包...",
    "feature.authn.input.checkCasing": "Blocto 帳戶將大小寫英文視為不同的帳戶。請確定你輸入的是正確的 Blocto 帳戶信箱。",
    "feature.authn.input.invalidEmail": "請確認電子郵件格式。",
    "feature.authn.insufficientEnable.title": "用於創建{chain}錢包的 Blocto 積分不足",
    "feature.authn.otp.description": "我們已向您的電子郵件發送了 6 位交易代碼",
    "feature.authn.otp.resend": "重新發送",
    "feature.authn.otp.title": "交易代碼",
    "feature.authn.queue.description": "請稍等，很快就會輪到您發送交易...",
    "feature.authn.queue.title": "目前Blocto錢包交易活動較多",
    "feature.authn.register.submit": "註冊",
    "feature.authn.register.termsOfUse": "註冊即表示您同意我們的 <a>使用條款<\/a>",
    "feature.authn.signIn.description": "請求帳號授權於",
    "feature.authn.signIn.submit": "登入",
    "feature.authn.signIn.title": "登入",
    "feature.authn.signInOrRegister": "登入 \/ 註冊",
    "feature.authz.nonCustodial.description": "從 Blocto 應用程序批准交易...",
    "feature.authz.nonCustodial.title": "請在 Blocto 應用程序中驗證",
    "feature.preAuthz.queue.description": "請等到輪到您發送交易。在您之前還有其他 {count} 個請求。",
    "feature.preAuthz.queue.title": "Blocto 上的活動過多",
    "feature.sign.nonCustodial.description": "從 Blocto app 內批准交易...",
    "feature.sign.nonCustodial.title": "請在 Blocto 應用程序中驗證",
    "feature.sign.title": "你正在授權於",
    "flow.alert.autoRestakeOff": "已關閉自動重新質押",
    "flow.alert.autoRestakeOn": "已啟用自動重新質押",
    "flow.alert.copied": "已複製",
    "flow.alert.emailError": "電子郵件格式不正確。請再試一次。",
    "flow.alert.flowUnlocked": "已解鎖 FLOW 代幣",
    "flow.alert.nodeSelected": "您已成功質押在 Blocto 節點。",
    "flow.alert.pendingRecovery": "你的 Blocto 帳戶正在恢復中。請稍後再試。",
    "flow.alert.rewardClaimed": "獎勵已領取",
    "flow.alert.rewardRestaked": "已質押獎勵",
    "flow.alert.sessionExpired": "授權已失效，請重新登入",
    "flow.alert.stakeAmountAdjusted": "質押量已調整",
    "flow.alert.stakingDisabled": "目前暫停接受質押，請稍待幾個小時之後再試一次。",
    "flow.alert.underMaintenance": "服務正在維護中。請稍後再試。",
    "flow.alert.unexpectedError": "非預期的錯誤",
    "flow.alert.unstakedClaimed": "已領出質押",
    "flow.alert.unstakedRestaked": "已重新質押",
    "flow.clickToCopy.copied": "已複製",
    "flow.clickToCopy.copyToClipboard": "複製到剪貼簿",
    "flow.common.autoRefresh": "自動更新",
    "flow.footer.flow.intro": "Blocto 是 Flow 的官方錢包合作夥伴。",
    "flow.footer.powered.by": "powered by",
    "flow.helmet.default.title": "Blocto | 探索 Flow 網絡",
    "flow.helmet.description": "Blocto 是 Flow 的官方錢包合作夥伴。",
    "flow.helmet.title.template": "%s - Blocto",
    "flow.label.testnet": "測試網",
    "flow.login.address": "{chain} 地址",
    "flow.login.authenticationCode": "二階段驗證碼",
    "flow.login.byRegisteringYouAgree": "註冊即表示您同意我們的<a target=\"_blank\" href=\"https:\/\/blocto.portto.io\/zh\/terms\/\">使用條款<\/a>",
    "flow.login.email": "電子郵件",
    "flow.login.enterAuthenticationCode": "輸入由「Google 驗證器」生成的驗證代碼",
    "flow.login.itTakesSomeTimeToProceed": "需要一些時間處理你的帳戶",
    "flow.login.nonCustodialNotSupported": "非託管帳戶無法透過網頁登入. <br \/ >請使用 Blocto app",
    "flow.login.passcode": "密碼",
    "flow.login.pendingApproval": "等待裝置授權",
    "flow.login.pleaseApproveFromBloctoApp": "請從 Blocto 手機 App 授權登入",
    "flow.login.pleaseWaitUntilItsYourTurn": "請稍等，很快就會輪到您進行身份驗證...",
    "flow.login.preparingAccount": "正在準備您的 Flow 帳戶",
    "flow.login.register": "註冊",
    "flow.login.resend": "重新發送",
    "flow.login.signIn": "登入",
    "flow.login.signInOrRegister": "登入 \/ 註冊",
    "flow.login.signInWithBlocto": "使用 Blocto 登入",
    "flow.login.toContinueTo": "以繼續使用 {host}",
    "flow.login.tooMuchAcvivityOnBlocto": "Blocto 上的身分驗證請求過多",
    "flow.login.underMaintenance": "服務正在維護中。<br \/>請稍後再試。",
    "flow.login.useThisAccountOn": "在 <h4>{host}<\/h4> 使用此帳戶",
    "flow.login.weHaveSent": "我們已向您的電子郵件發送了 6 位代碼",
    "flow.notFound.header": "找不到你要的頁面。",
    "flow.stake.accountType": "帳戶類型",
    "flow.stake.adjust": "調整",
    "flow.stake.adjustAmount": "調整金額",
    "flow.stake.areYouSureYouWantToUnstake": "你確定嗎？你會失去下一輪的質押獎勵。",
    "flow.stake.autoRestake": "自動將獎勵重新質押",
    "flow.stake.bloctoConsensusNode": "Blocto 共識節點",
    "flow.stake.bloctoNode": "Blocto 節點",
    "flow.stake.chooseNode": "選擇一個節點",
    "flow.stake.claim": "領取",
    "flow.stake.committed": "新增質押金額",
    "flow.stake.estimatedAPY": "預計年化報酬",
    "flow.stake.fetching": "正在檢查您的帳戶資訊， <br \/>請稍候...",
    "flow.stake.flowStaking": "Flow 質押",
    "flow.stake.locked": "已鎖定",
    "flow.stake.lockedAccount": "鎖定帳戶",
    "flow.stake.max": "最大值",
    "flow.stake.nextEpochTime": "次輪開始時間",
    "flow.stake.normalAccount": "普通賬戶",
    "flow.stake.notBlocto": "請使用 <a href=\"https:\/\/blocto.app.link\/download\">最新版本的Blocto <\/a><br \/>打開此頁面。",
    "flow.stake.pendingRecovery": "正在復原你的帳戶， <br \/>請稍候...",
    "flow.stake.preparing": "正在升級你的 Flow 帳戶以支援質押， <br \/>請稍等。",
    "flow.stake.requestedToUnstake": "請求解除質押金額",
    "flow.stake.restake": "重新質押",
    "flow.stake.reward": "已發放的獎勵",
    "flow.stake.rewardForThisEpoch": "本輪預估獎勵",
    "flow.stake.setupLock": "設置鎖定帳戶",
    "flow.stake.stake": "質押",
    "flow.stake.stakeAll": "質押所有",
    "flow.stake.stakeComingSoon": "質押（即將開放）",
    "flow.stake.staked": "目前質押金額",
    "flow.stake.stakedForNextEpoch": "次輪質押金額",
    "flow.stake.staking": "Flow 質押",
    "flow.stake.stakingAccount": "質押帳戶",
    "flow.stake.stakingOn": "質押在",
    "flow.stake.unlock": "解鎖",
    "flow.stake.unlockLimit": "解鎖上限",
    "flow.stake.unlockable": "可解鎖",
    "flow.stake.unstake": "解除質押",
    "flow.stake.unstaked": "已解除質押",
    "flow.stake.unstaking": "正在解除質押",
    "flow.stake.upgraded": "您的帳戶已升级。",
    "flow.stake.waitForAnnouncement": "即將開放 FLOW 質押！<br \/>請等待官方公告",
    "flow.system.newVersionAvailable": "有新版本的Blocto。 <br \/> <strong>點這裡升級<\/strong>",
    "flow.utils.checkCasing": "Blocto 帳戶將大小寫英文視為不同的帳戶。請確定你輸入的是正確的 Blocto 帳戶信箱。",
    "flow.utils.invalidEmail": "請確認電子郵件格式。",
    "wallet.login.solana.preparingAccount": "正在準備您的 Solana 帳戶",
    "welcome.post.create": "留言",
    "welcome.post.enterMessage": "輸入訊息",
    "welcome.post.from": "來自",
    "welcome.post.send": "送出",
    "welcome.post.tapBelow": "點擊下方按鈕發文。"
}